Component	Chemical_Formula	Database_ID	Priority	Media Role	Concentration	Lower Bound	Upper Bound	Optimal Conc. Model Organisms	Solubility	Limit of Toxicity	pH Effect	pKa	Oxidation State Stability	Light Sensitivity	Autoclave Stability	Stock Concentration	Precipitation Partners	Antagonistic Ions	Chelator Sensitivity	Redox Contribution	Metabolic Role	Essential/Conditional	Uptake Transporter	Regulatory Effects	Gram+/Gram- Differential	Aerobe/Anaerobe Differential	Solubility Citation Organism	Lower Bound Citation Organism	Upper Bound Citation Organism	Toxicity Citation Organism	Optimal Conc. Organism
PIPES	PIPES	CHEBI:39033		pH Buffer	30 mM	10 mM	100 mM	Rarely used for bacteria (MOPS/HEPES preferred)	1000 mM	>100 mM (ionic strength effects)	Stabilizes pH 6.1-7.5 at 20-40 mM	pKa1=6.76 (25°C), pKa2=2.67; 6.66 at 37°C	Forms radicals; avoid for redox studies	Less sensitive than HEPES; store protected	Cannot autoclave - degrades; filter sterilize	0.5-1M stock; working 10-25 mM	Negligible divalent cation binding	Not reported	Low metal binding; EDTA compatible	Can form radicals; avoid Eh-dependent work	Non-metabolized pH buffer	Not essential; buffering alternative	Not transported; membrane-impermeable (zwitterionic)	Not reported	Not reported	Not reported	E. coli, Escherichia coli	E. coli, Escherichia coli	E. coli, Escherichia coli	E. coli, Escherichia coli	
K₂HPO₄·3H₂O	K2HPO4.3H2O	CHEBI:131527	1.0	Unknown	1.45 mM	0.1 mM	100 mM	E. coli: 50-100 mM; M9: 70 mM; MOPS: 1.32 mM	900 mM	>100 mM (high phosphate inhibits Mo uptake)	Alkaline pH 8.5-9.5 at 0.1M; M9 ~70 mM at pH 7.0-7.4	pKa2=7.20 (buffering); pKa3=12.35	Phosphate(V) stable under all conditions	Not light sensitive	Stable 121°C; AUTOCLAVE SEPARATELY from Ca²⁺/Mg²⁺	M9 5X: 64g Na₂HPO₄·7H₂O + 15g KH₂PO₄/L	Ca₃(PO₄)₂, Mg₃(PO₄)₂, Fe-phosphates, hydroxyapatite	Arsenate (AsO₄³⁻) competitive inhibitor	Does not chelate; Tricine added to MOPS for Fe²⁺	Not electroactive	ATP/GTP, DNA/RNA, phospholipids, signaling	ESSENTIAL for all bacteria	Pst (ABC, Km 0.2-0.4 μM); Pit (PMF, Km 25-38 μM)	PhoBR activates at Pi <4 μM; 31+ genes	Gram-: PhoBR; Gram+ (Bacillus): PhoPR	Pst (ATP) works anaerobically; Pit (PMF)					E. coli, E. coli BL21, E. coli C41, Escherichia coli, Escherichia coli BL21, P. furiosus, Pyrococcus furiosus
NaH₂PO₄·H₂O	NaH2PO4.H2O	CHEBI:37586	1.0	Unknown	1.88 mM	0.1 mM	100 mM	~70 mM total phosphate as buffer system	3000 mM	>100 mM	Acidic pH ~4.5 at 0.1M; combined with dibasic	pKa1=2.15; pKa2=7.20	Stable phosphate(V)	Not light sensitive	Stable; autoclave separately from divalent cations	Combined with dibasic; Sørensen's buffer 0.1M	Same as K₂HPO₄: Ca²⁺, Mg²⁺, Fe²⁺/Fe³⁺	Arsenate competitive inhibition	Does not chelate; EDTA-compatible	Not electroactive	Essential phosphate source (same as K₂HPO₄)	ESSENTIAL (phosphate)	Pst, Pit; NptA (Na⁺-phosphate cotransport)	PhoBR/PhoPR systems	Same as K₂HPO₄	Same as K₂HPO₄					E. coli, E. coli BL21, E. coli C41, Escherichia coli, Escherichia coli BL21, P. furiosus, Pyrococcus furiosus
MgCl₂·6H₂O	MgCl2.6H2O	CHEBI:86345		Essential Macronutrient (Mg)	0.5 mM	0.02 mM	2 mM	E. coli: 1-2 mM; intracellular ~1 mM	2.5 mM	300 mM (species-dependent)	Neutral at 1-2 mM; no significant pH effect	N/A (fully dissociated)	Mg²⁺ stable; single oxidation state	Not light sensitive	Stable; AUTOCLAVE SEPARATELY from phosphate	1-2M stock; working 0.5-2 mM (M9); MOPS 0.523 mM	Mg₃(PO₄)₂ with phosphate at alkaline pH	Ca²⁺ competition; Co²⁺, Ni²⁺, Mn²⁺ compete for CorA	EDTA chelates Mg²⁺; log K Mg-citrate ~3.2-3.4	Not redox active	Ribosome stabilization (≥170 Mg²⁺/ribosome); ATP neutralization	ESSENTIAL; removal causes ribosome disassembly	CorA (channel); MgtA/MgtB (P-type ATPase); MgtE	PhoP/PhoQ senses extracellular Mg²⁺; low activates PhoP	CorA ubiquitous; MgtE more common Gram+; MgtA/B Enterobacteria	Not reported		Burkholderia cenocepacia, Escherichia coli, Escherichia coli BL21, P. aeruginosa, P. aeruginosa PAO1, Pseudomonas aeruginosa, Pseudomonas aeruginosa PAO1, Pseudomonas fluorescens, Salmonella enterica, Salmonella enterica serovar Typhimurium, Salmonella enteritidis, Salmonella typhimurium	Burkholderia cenocepacia, Escherichia coli, Escherichia coli BL21, P. aeruginosa, P. aeruginosa PAO1, Pseudomonas aeruginosa, Pseudomonas aeruginosa PAO1, Pseudomonas fluorescens, Salmonella enterica, Salmonella enterica serovar Typhimurium, Salmonella enteritidis, Salmonella typhimurium	E. coli, E. faecium, Enterococcus faecium, Escherichia coli, L. monocytogenes, Listeria monocytogenes, S. typhimurium, Salmonella enterica, Salmonella enterica serovar Typhimurium, Salmonella typhimurium, Staphylococcus aureus	Escherichia coli, Salmonella typhimurium
(NH₄)₂SO₄	(NH4)2SO4	CHEBI:62946	1.0	Unknown	8 mM	1 mM	100 mM	E. coli: 19 mM (M9); 9.52 mM (MOPS)	5600 mM	>500 mM (osmotic effects, not NH₄⁺ toxicity)	Slightly acidifying (NH₄⁺ pKa 9.25); H⁺ released on assimilation	NH₄⁺ pKa = 9.25 at 25°C	N in -3 state; stable aerobically	Not light sensitive	Stable at 121°C	M9: 19 mM NH₄Cl; MOPS: 9.52 mM	No significant precipitation at working conc.	K⁺ may compete for some transporters	Not relevant	No direct redox contribution	Primary N source; glutamine synthetase → all N compounds	ESSENTIAL as N source; preferred over amino acids	AmtB (ammonia channel); trimeric; high-affinity NH₃	NtrB/NtrC two-component; GlnK (PII) regulates AmtB	AmtB conserved across all domains	Not reported		B. subtilis, Bacillus firmus, Bacillus subtilis, C. glutamicum, C. glutamicum ATCC, Corynebacterium glutamicum, E. coli, E. coli MG1655, Escherichia coli, Escherichia coli K-12	B. subtilis, Bacillus firmus, Bacillus subtilis, C. glutamicum, C. glutamicum ATCC, Corynebacterium glutamicum, E. coli, E. coli MG1655, Escherichia coli, Escherichia coli K-12	B. subtilis, Bacillus firmus, Bacillus subtilis, C. glutamicum, C. glutamicum ATCC, Corynebacterium glutamicum, E. coli, E. coli MG1655, Escherichia coli, Escherichia coli K-12	Escherichia coli, Salmonella typhimurium
CaCl₂·2H₂O	CaCl2.2H2O	CHEBI:86158		Essential Macronutrient (Ca)	20 µM	1 µM	1 mM	E. coli: 0.1 mM or omit; transformation 20-100 mM	5100 mM	100 mM (species-specific)	Neutral at 0.1-0.5 mM	N/A (fully dissociated)	Ca²⁺ stable; single oxidation state	Not light sensitive	Stable; AUTOCLAVE SEPARATELY from phosphate	100 mM stock; working 0.1 mM (M9), 0.5 μM (MOPS)	Ca₃(PO₄)₂ and CaSO₄ at pH >7.8-8.8	Mg²⁺ competition; Ca²⁺ inefficient ribosome stabilizer	Strongly chelated by citrate, EGTA	Not redox active	Signaling; cell division; transformation competency; sporulation	CONDITIONAL; E. coli has no absolute requirement	Ca²⁺/H⁺ antiporters; less characterized than Mg²⁺	Regulates virulence, biofilm in P. aeruginosa	Gram+ higher requirements for sporulation	Not reported		E. coli, E. coli MM294, Escherichia coli, Pseudomonas aeruginosa, S. aureus, Sinorhizobium meliloti, Staphylococcus aureus	E. coli, E. coli MM294, Escherichia coli, Pseudomonas aeruginosa, S. aureus, Sinorhizobium meliloti, Staphylococcus aureus	B. subtilis, Bacillus subtilis, E. coli, Escherichia coli, Klebsiella pneumoniae, S. aureus, Staphylococcus aureus	Escherichia coli, Salmonella typhimurium
Sodium citrate	C6H5O7.2H2O.3Na	CHEBI:32142		Chelator; Metal Buffer	45.6 µM	10 µM	10 mM	E. coli: 2 mM as chelator	2800 mM	>50 mM (chelation effects)	Weak buffering pH 2-8; typically 2-10 mM	pKa1=3.13, pKa2=4.76, pKa3=6.40	Stable; metabolized via TCA	Not significantly light sensitive	Generally stable; some darkening possible	2-10 mM in media; Fe-citrate in MOPS	PREVENTS precipitation by chelating divalent cations	Chelates Fe³⁺, Ca²⁺, Mg²⁺, Mn²⁺; can deprive cells high conc.	IS the chelator; Fe(III)-citrate log K ~11-12	Fe(III)-citrate photoreducible	TCA intermediate; C source; Fe-citrate uptake	CONDITIONAL; useful as C source/chelator	CitMHS family: CitM (Mg/Mn/Co/Zn-citrate), CitH (Ca/Ba/Sr)	Can induce Fe starvation if chelating Fe	B. subtilis CitM/CitH; Streptomyces Fe/Ca-citrate	Not reported		E. coli, Escherichia coli, Escherichia coli K12, Pseudomonas mendocina, Shewanella putrefaciens	E. coli, Escherichia coli, Escherichia coli K12, Pseudomonas mendocina, Shewanella putrefaciens	E. coli, Escherichia coli, Escherichia coli K12, Pseudomonas mendocina, Shewanella putrefaciens	Escherichia coli, Salmonella typhimurium
ZnSO₄·7H₂O	ZnSO4.7H2O	CHEBI:32312		Trace Element (Zn)	1.2 µM	0.01 µM	100 µM	E. coli: 0.5-6 μM; concentrate 2000× over medium	2000 mM	10 mM (E. coli)	Zn²⁺ largely ionic at pH ~7; GGM uses MES buffer	First hydrolysis pKa ~9.0	Zn²⁺ only (3d¹⁰); no redox reactions	Not reported	Stable; GGM autoclaved with 6.14 μM ZnO	Working 0.5-10 μM; GGM: 6.14 μM	Zn₃(PO₄)₂, Zn(OH)₂, ZnS; >100 ppm precipitates in LB	Zn²⁺ excess perturbs Fe/Cu homeostasis	EDTA log K = 16.50; TPEN high-affinity Zn chelator	Redox-inactive; indirectly affects Fe/Cu	~5-6% proteome Zn-binding; zinc fingers, proteases, RNAP	ESSENTIAL; ~2×10⁵ atoms/cell minimum	ZnuABC (ABC, high-affinity); ZupT (ZIP, low-affinity)	Zur (Fur-family, 10⁻¹⁵ M sensitivity); ZntR efflux	Gram-: ZnuABC + periplasm; Gram+: AdcABC + AdcR	Similar (Zn redox-inactive)		Bacillus anthracis, Escherichia coli, Neisseria gonorrhoeae, S. pneumoniae, S. pyogenes, Staphylococcus aureus, Streptococcus pneumoniae, Streptococcus pyogenes, Treponema pallidum, Yersinia pestis	Bacillus anthracis, Escherichia coli, Neisseria gonorrhoeae, S. pneumoniae, S. pyogenes, Staphylococcus aureus, Streptococcus pneumoniae, Streptococcus pyogenes, Treponema pallidum, Yersinia pestis	A. niger, Aspergillus niger, Bacillus cereus, Cunninghamella echinulata, Escherichia coli, Fusarium solani, Pseudomonas aeruginosa, Rhizoctonia solani, Trichoderma viride	Citromicrobium bathyomarinum, E. coli, Erythrobacter longus, Escherichia coli, R. sphaeroides, Rhodobacter sphaeroides
MnCl₂·4H₂O	MnCl2.4H2O	CHEBI:86345		Trace Element (Mn)	1 µM	0.02 µM	10 µM	E. coli: intracellular ~15-21 μM; media 1-10 μM	3650 mM	1 mM	Mn²⁺ stable over broad pH; less problematic than Fe	Not reported	Mn²⁺ predominant; cycles 2+/3+ in Mn-SOD	More stable than Fe²⁺ to photo-oxidation	Generally autoclave-stable at neutral pH	Working 0.1-10 μM; L. plantarum requires ≥2 μM	Mn-phosphate less problematic than Fe-phosphate	Fe²⁺ competes for MntH; Zn²⁺ inhibits SitABCD	Pyochelin chelates Mn²⁺; lower EDTA affinity than Fe³⁺	Mn²⁺ scavenges superoxide non-enzymatically; no Fenton	Mn-SOD (SodA); photosystem II (Mn₄CaO₅)	CONDITIONAL; critical oxidative stress; essential when Fe limited	MntH (NRAMP, H⁺-dependent); SitABCD/MntABC (ABC)	MntR represses mntH, activates efflux mntP; dual Fur + MntR	S. aureus: MntABC essential virulence; E. coli: only MntH	mntH induced by H₂O₂ via OxyR		Bacillus anthracis, Escherichia coli, Neisseria gonorrhoeae, S. pneumoniae, S. pyogenes, Staphylococcus aureus, Streptococcus pneumoniae, Streptococcus pyogenes, Treponema pallidum, Yersinia pestis	Bacillus anthracis, Escherichia coli, Neisseria gonorrhoeae, S. pneumoniae, S. pyogenes, Staphylococcus aureus, Streptococcus pneumoniae, Streptococcus pyogenes, Treponema pallidum, Yersinia pestis		Bacillus subtilis, Citrobacter koseri, Cronobacter turicensis, Deinococcus radiodurans, Enterobacter sakazakii, Escherichia coli, Escherichia coli K-12, Klebsiella pneumoniae, Salmonella enterica, Salmonella enterica serovar Typhimurium, Shigella boydii, Streptococcus mutans
FeSO₄·7H₂O	FeSO4.7H2O	CHEBI:75832		Trace Element (Fe)	18 µM	0.1 µM	200 µM	E. coli: 10 μM in MOPS; cellular total ~200 μM	1800 mM	400 µM	Fe²⁺ oxidation rate increases 100× per pH unit above pH 5	Fe hydrolysis >pH 5.5; reduction potential −0.02 V	AEROBIC: Fe²⁺ t½ minutes at pH >7; ANAEROBIC: stable	Photo-Fenton produces •OH; Fe²⁺ + H₂O₂ → •OH	MUST FILTER STERILIZE; oxidizes to Fe(OH)₃	ACIDIFIED pH <2 (0.1M HCl); 10-100 mM stock; working 10 μM	Phosphate (Fe-PO₄), hydroxide Fe(OH)₃ pH >3, carbonate	Mn²⁺ substitutes for Fe²⁺ in some enzymes	EDTA: Fe³⁺ log K=25.1, Fe²⁺=14.3; Enterobactin Ka=10⁴⁹	Fenton/Haber-Weiss: generates •OH; Fe-S clusters superoxide targets	Fe-S clusters, cytochromes, ribonucleotide reductase	Almost universally ESSENTIAL	FeoABC (Fe²⁺, anaerobic); FepA (ferric enterobactin); TonB-dependent	Fur (Fe²⁺-responsive repressor); RyhB sRNA	Gram-: TonB-dependent siderophore receptors; Gram+: ABC direct	Aerobes: Fe³⁺ + siderophores; Anaerobes: Fe²⁺ via FeoABC			E. coli, Escherichia coli, Escherichia coli K-12, P. aeruginosa, P. syringae, Pseudomonas aeruginosa, Pseudomonas aeruginosa PAO1, Pseudomonas putida, Pseudomonas putida BTP1, Pseudomonas syringae	E. coli, Escherichia coli, Escherichia coli K-12, P. aeruginosa, P. syringae, Pseudomonas aeruginosa, Pseudomonas aeruginosa PAO1, Pseudomonas putida, Pseudomonas putida BTP1, Pseudomonas syringae	Escherichia coli
(NH₄)₆Mo₇O₂₄·4H₂O	(NH4)6Mo7O24.4H2O	CHEBI:75211		Trace Element (Mo)	2 µM	0.01 µM	30 mM	E. coli: ~1 μM for full activity; 100 μM restores mutants	350 mM	3 mM (inhibits SRB)	Concentrated solutions pH 5-6	MoO₄²⁻ at physiological pH	Mo(VI) stable; cycles Mo(IV)/Mo(V)/Mo(VI) in enzymes	Not photolabile	Stable	10 mg/L Na₂MoO₄·2H₂O; ModABC Km ~50 nM	Can precipitate with sulfate at very high conc.	CRITICAL: Tungstate (WO₄²⁻) competitive antagonist; inactivates Mo enzymes	EDTA can chelate molybdate	Mo center enables oxygen atom transfer in enzymes	Moco required: Nitrogenase, nitrate reductase, DMSO reductase	Essential for N₂ fixers; required for anaerobic respiration	ModABC (ABC, Km ~50 nM); 90.5% Mo bacteria have ModABC	ModE represses modABC; activates moaABCDE, dmsABC, narGHI	Gram+ ModA is lipoprotein vs periplasmic in Gram-	Critical for anaerobes: nitrate respiration					Azotobacter vinelandii, Bacillus subtilis, E. coli, Escherichia coli, Rhodobacter capsulatus, S. carnosus, S. carnosus TM300, Staphylococcus aureus, Staphylococcus carnosus, Staphylococcus epidermidis, Staphylococcus xylosus
CuSO₄·5H₂O	CuSO4.5H2O	CHEBI:31440		Trace Element (Cu)	1 µM	0.001 µM	10 µM	E. coli: 0.6 μM optimal; Cu+Zn 0.25 mM inhibitory	1300 mM	100 µM (VBNC state)	Solubility ~20 mg/L at pH 6; ~0.05 mg/L at pH 8	Not reported	Cu(I) inside cells (reducing); Cu(II) extracellular; CueO converts	Not reported	Stable; 587 nM autoclaved in GGM	Working ~0.6 μM; >0.25 mM inhibitory	Cu(OH)₂, Cu₃(PO₄)₂, CuS	Zn²⁺ excess decreases Cu tolerance; Cu/Zn synergistic toxicity	EDTA log K = 18.8; histidine forms stable complexes	Cu(I)↔Cu(II) cycling; Fenton-like •OH; CueR senses 10⁻²¹ M	Cytochrome c oxidase, Cu/Zn-SOD (SodC), CueO oxidase	CONDITIONAL; essential for aerobic respiration	No specific high-affinity uptake; EFFLUX: CopA (P₁B-ATPase), CusCFBA	CueR (MerR, zeptomolar sensitivity); CusRS two-component	Gram-: periplasmic Cu handling (CusCFBA); Gram+: CopA + CsoR	Cu MORE IMPORTANT AEROBICALLY; anaerobic: enhanced toxicity		Chromatium okenii, Desulfococcus multivorans, Desulfovibrio desulfuricans, Desulfovibrio desulfuricans G20, Methanobacterium formicicum, Methanobacterium thermoautotrophicum	Chromatium okenii, Desulfococcus multivorans, Desulfovibrio desulfuricans, Desulfovibrio desulfuricans G20, Methanobacterium formicicum, Methanobacterium thermoautotrophicum	Agrobacterium tumefaciens, E. coli, E. coli ED8739, Escherichia coli, Escherichia coli O157, Helicobacter pylori, Rhizobium leguminosarum, Rhizobium meliloti, Xanthomonas campestris	Acinetobacter baumannii, Bacillus subtilis, E. coli, E. coli MG1655, Escherichia coli, Helicobacter pylori, M. tuberculosis, Mycobacterium smegmatis, Mycobacterium tuberculosis, Saccharomyces cerevisiae, Streptococcus pneumoniae
CoCl₂·6H₂O	CoCl2.6H2O	CHEBI:86134		Trace Element (Co)	2 µM	0.01 µM	100 µM	Methanogens: 0.5-2 μM; E. coli: 0.42 μM	2300 mM	400 µM (Fe-S cluster damage)	0.2M solution pH ~4.6	Not reported	Co(II) stable aqueous; Co(III) in cobalamins	Light-sensitive in cobalamins; amber bottles recommended	Heat stable; can autoclave	1 g/L stock; working 0.42 μM (10 mg/L) in SL-10	May precipitate with phosphate at high conc.	Competes with nickel for some transporters	EDTA interacts; high Co may compete with other metals	Co(I)/Co(II)/Co(III) cycling in B12 enzymes	Essential B12 (cobalamin): methionine synthase, methylmalonyl-CoA mutase	Essential for B12-dependent organisms; conditional if MetE present	BtuBCDF (TonB-dependent outer, ABC inner); BtuB Kd ~0.3 nM	B12 riboswitch represses btuB and cob operons	Gram-: translation inhibition; Gram+: transcription termination	Anaerobic B12 synthesis pathway in Salmonella, Clostridium		E. coli, Escherichia coli, Escherichia coli K-12, Escherichia coli K12, S. enterica, S. enterica LT2, Saccharomyces cerevisiae, Salmonella enterica, Salmonella enterica LT2, Salmonella enterica serovar Typhimurium, Salmonella typhimurium, Thiobacillus thioparus	B. subtilis, E. coli, E. coli RP523, E. faecalis, Escherichia coli, Paracoccus denitrificans, R. sphaeroides, Rhodobacter sphaeroides, Rhodobacter sphaeroides ETF, S. enterica, Salmonella enterica	B. subtilis, E. coli, E. coli RP523, E. faecalis, Escherichia coli, Paracoccus denitrificans, R. sphaeroides, Rhodobacter sphaeroides, Rhodobacter sphaeroides ETF, S. enterica, Salmonella enterica	Desulfonema limicola, Escherichia coli, M. formicicum, M. subterraneum, Methanobacterium formicicum, Methanobacterium movens, Methanobacterium subterraneum, Methanococcus jannaschii, Methanopyrus kandleri, Methanothermus fervidus
Na₂WO₄·2H₂O	Na2WO4.2H2O	CHEBI:86714		Trace Element (W)	0.33 µM	0.01 µM	1 µM	Sulfate reducers: 1-10 μM; Hyperthermophiles: WtpA Kd 17 pM	3000 mM	100 µM	Alkaline in solution	WO₄²⁻ at physiological pH	W(VI) stable; W enzymes cycle W(IV)/W(V)/W(VI)	Not photolabile	Stable	10 mg/L in Wolin-Wolfe; 10-100 μM for W-dependent organisms	Similar to molybdate	CRITICAL: Mo/W ANTAGONISM; W inhibits Mo enzymes	EDTA removed from buffers in TupA studies	W cycles in tungstoenzymes	W-specific enzymes: aldehyde oxidoreductases, W-formate dehydrogenase	Essential for some obligate anaerobes (hyperthermophiles)	TupABC (W-specific, Kd ~0.5 μM); WtpABC (Kd ~17 pM)	TunR family in sulfate-reducing bacteria	TupABC in both; WtpABC predominantly archaeal	W almost exclusively in obligate anaerobes; E. limosum 60× over Mo				E. coli, Escherichia coli, Escherichia coli K-12, Escherichia coli K12, S. enterica, S. enterica LT2, Saccharomyces cerevisiae, Salmonella enterica, Salmonella enterica LT2, Salmonella enterica serovar Typhimurium, Salmonella typhimurium, Thiobacillus thioparus	E. coli, E. coli VB13, Escherichia coli, Escherichia coli K-12
Methanol	CH4O	CHEBI:17790	1.0	Carbon Source	150 mM	1 mM	500 mM	M. extorquens: 0.5-1% v/v; B. methanolicus: 200-500 mM	24700 mM	2000 mM (species-dependent)	Neutral; does not affect media pH	N/A (~15.5, not relevant)	Stable; oxidized to formaldehyde→formate→CO₂	Not light sensitive	FILTER STERILIZE; volatile (BP 64.7°C)	Working 0.5-1% v/v (125-250 mM); >5% toxic	N/A; miscible with water	Lanthanide requirement for XoxF-MDH; Ca²⁺ for MxaFI-MDH		Strong electron donor; ~1 ATP per methanol oxidized	MDH substrate; PQQ-dependent oxidation; C1 metabolism	CONDITIONAL; essential for methylotrophs only	Passive diffusion; no specific transporter identified	Induces mxa operon via MxcQE; lanthanide switch	Gram-: PQQ-MDH (periplasmic); Gram+: NAD-MDH (cytoplasmic)	PQQ-MDH requires O₂; NAD-MDH works both; anaerobic methyltransferases		E. coli, Escherichia coli, Escherichia coli K-12, P. aeruginosa, P. syringae, Pseudomonas aeruginosa, Pseudomonas aeruginosa PAO1, Pseudomonas putida, Pseudomonas putida BTP1, Pseudomonas syringae	E. coli, Escherichia coli, Escherichia coli K-12, P. aeruginosa, P. syringae, Pseudomonas aeruginosa, Pseudomonas aeruginosa PAO1, Pseudomonas putida, Pseudomonas putida BTP1, Pseudomonas syringae	E. coli, Escherichia coli, Escherichia coli K-12, P. aeruginosa, P. syringae, Pseudomonas aeruginosa, Pseudomonas aeruginosa PAO1, Pseudomonas putida, Pseudomonas putida BTP1, Pseudomonas syringae	Acinetobacter calcoaceticus, Bacillus methanolicus, Corynebacterium glutamicum, E. coli, Escherichia coli, M. extorquens, M. extorquens AM1, Methylobacterium extorquens, Methylobacterium extorquens AM1, Saccharomyces cerevisiae, Thermus thermophilus, Wolinella succinogenes
Thiamin	C12H17N4OS+	CHEBI:49105	1.0	Vitamin/Cofactor Precursor	0 µM	0 µM (not essential for all)	10 µM	E. coli: 1 μg/mL; Pseudomonas/Bacillus: similar	300 mM	>1 mM (no toxicity expected)	More stable pH 3 than pH 6; severely compromised in alkaline	pKa1 ~4.8; pKa2 9.2-9.3; C(2)-H pKa 17.7-18.0	Thiazole ring opens >pH 9.2; oxidizes to thiochrome	Light-sensitive; UV accelerates degradation; amber storage	Degrades at alkaline pH; stable acidic; 0.1M HCl OK	1 μg/mL (M9); 1 mg/mL stock filter sterilized, -20°C	Highly water-soluble; no precipitation	Cu⁺, Cu²⁺, Fe²⁺, Fe³⁺ accelerate degradation; CuCl 64% loss	Not reported	Participates in redox; oxidizes to thiochrome	TPP cofactor: pyruvate dehydrogenase, α-KG dehydrogenase, transketolase	Most K-12 E. coli are AUXOTROPHS; ~52% gut bacteria lack synthesis	ThiBPQ (ABC, Gram-); YkoEDC (Bacillus); ThiT (ATP-independent)	TPP riboswitch (THI-box); controls thiCEFSGH, thiMD, thiBPQ	Gram-: ThiBPQ; Gram+: YkoEDC or ThiT	Essential for both		E. coli, Escherichia coli, Escherichia coli K-12, Escherichia coli K12, S. enterica, S. enterica LT2, Saccharomyces cerevisiae, Salmonella enterica, Salmonella enterica LT2, Salmonella enterica serovar Typhimurium, Salmonella typhimurium, Thiobacillus thioparus	E. coli, Escherichia coli, Escherichia coli K-12, Escherichia coli K12, S. enterica, S. enterica LT2, Saccharomyces cerevisiae, Salmonella enterica, Salmonella enterica LT2, Salmonella enterica serovar Typhimurium, Salmonella typhimurium, Thiobacillus thioparus	E. coli, Escherichia coli, Escherichia coli K-12, Escherichia coli K12, S. enterica, S. enterica LT2, Saccharomyces cerevisiae, Salmonella enterica, Salmonella enterica LT2, Salmonella enterica serovar Typhimurium, Salmonella typhimurium, Thiobacillus thioparus	
Biotin	C10H16N2O3S	CHEBI:15956	1.0	Vitamin/Cofactor Precursor	0 µM	0 µM (not essential for all)	1 µM	E. coli: 1 μg/mL; C. glutamicum: µg/L for limitation	0.9 mM	>100 µM (no toxicity expected)	Most stable pH 4-9; inactivated extreme acid/alkaline + heat	pKa = 4.5 (carboxylic acid)	Stable; oxidation to biotin sulfoxide/sulfone by H₂O₂	UV-sensitive; stable to visible light	Stable at neutral pH; degrades extreme conditions	1 μg/mL (M9); poorly water-soluble (20 mg/100 mL)	Avidin binding (Kd ~10⁻¹⁵ M)	No significant metal interactions	Not chelator-sensitive	Not direct redox; carboxyl carrier	Carboxylase cofactor: ACC (fatty acid), PC (gluconeogenesis), PCC	AUXOTROPHS: C. glutamicum, L. lactis, S. suis; E. coli synthesizes	BioY (ECF S-unit, Km 3.35 nM); BioMNY (tripartite); YigM (E. coli)	BirA bifunctional: ligase + repressor; bio-AMP is corepressor	Gram+ often auxotrophic (BioY); Gram- can synthesize	Essential for both		E. coli, Escherichia coli, Escherichia coli K-12, Escherichia coli K12, S. enterica, S. enterica LT2, Saccharomyces cerevisiae, Salmonella enterica, Salmonella enterica LT2, Salmonella enterica serovar Typhimurium, Salmonella typhimurium, Thiobacillus thioparus	E. coli, Escherichia coli, Escherichia coli K-12, Escherichia coli K12, S. enterica, S. enterica LT2, Saccharomyces cerevisiae, Salmonella enterica, Salmonella enterica LT2, Salmonella enterica serovar Typhimurium, Salmonella typhimurium, Thiobacillus thioparus	E. coli, Escherichia coli, Escherichia coli K-12, Escherichia coli K12, S. enterica, S. enterica LT2, Saccharomyces cerevisiae, Salmonella enterica, Salmonella enterica LT2, Salmonella enterica serovar Typhimurium, Salmonella typhimurium, Thiobacillus thioparus	
Dysprosium (III) chloride hexahydrate	Cl3Dy.6H2O	CHEBI:30443		Rare Earth Element	1 µM	0.01 µM	10 µM	Dy does NOT support growth; tested 2 μM without growth	2600 mM	50 µM (EC50 bacteria)	Hydrolyzes more readily than early Lns; precipitation pH ~5.8-5.9	pKa1 ~7.9; computational within ~1.2 units of experiment	Dy³⁺ stable; Dy⁴⁺ only in solid oxides	Not reported	Not reported	1-20 μM working; 10-100 mM stock	Strong phosphate precipitation (LnPO₄ insoluble)	Lanmodulin binds Ln³⁺ 10⁶-fold higher affinity than Ca²⁺	EDTA forms stable [Dy-EDTA]⁻; higher K than light Lns	No accessible redox; Lewis acid only	Heavy Ln: GREATLY REDUCED XoxF-MDH activity; poor cofactor	Dy does NOT support methylotrophic growth	TonB-dependent receptor; ABC transporter; lanmodulin shuttle	Heavy Lns do NOT trigger lanthanide switch	REO nanoparticles: severe Gram- toxicity; negligible Gram+	Not reported		Tetrahymena thermophila, V. fischeri, Vibrio fischeri	Tetrahymena thermophila, V. fischeri, Vibrio fischeri	E. coli, Escherichia coli	M. extorquens, Methylobacterium extorquens, Methylobacterium extorquens AM1
Neodymium (III) chloride hexahydrate	Cl3Nd.6H2O	CHEBI:52501		Rare Earth Element	1 µM	0.01 µM	10 µM	2 μM Nd supports wild-type growth in M. extorquens AM1	2800 mM	100 µM (MBC Vibrio fischeri)	Precipitation pH ~6.6-6.8 for Nd(OH)₃; soluble μM at acidic-neutral	log β₁ ~-8.0 to -8.3; hydrolysis begins pH 6-7	Nd³⁺ stable; Nd⁴⁺ only in solid oxides	Not reported	Implied stable	Working 1-20 μM; growth detectable at 2.5 nM	Phosphate precipitation major issue	Nd at 10× lower conc. than Ca still preferentially used	Stable EDTA complexes; citrate solubilizes Ln oxides	No redox chemistry; elevated reduction potential vs La	Nd is HIGHLY EFFECTIVE XoxF-MDH cofactor; highest activity	Nd SUPPORTS lanthanide-dependent growth	TonB-dependent LutH; ABC; Lanmodulin highest affinity to Nd³⁺/Eu³⁺	Nd TRIGGERS lanthanide switch: upregulates xox1, represses mxa	Gram+ accumulate more REE (teichoic acid)	XoxF in both aerobic and anaerobic methanotrophs		Tetrahymena thermophila, V. fischeri, Vibrio fischeri	Tetrahymena thermophila, V. fischeri, Vibrio fischeri	Tetrahymena thermophila, V. fischeri, Vibrio fischeri	M. extorquens, Methylobacterium extorquens, Methylobacterium extorquens AM1
Praseodymium (III) chloride hexahydrate	Cl3Pr.6H2O	CHEBI:52503		Rare Earth Element	1 µM	0.01 µM	10 µM	2 μM Pr supports growth similar to La/Ce/Nd	2800 mM	100 µM (MBC Vibrio fischeri)	Chloride effect on hydrolysis studied; similar to Nd	Similar to Nd	Pr³⁺ stable aqueous; Pr⁴⁺/Pr⁵⁺ in solid oxides	Not reported	Not reported	2 μM tested for methylotroph growth	Phosphate precipitation (extremely strong Ln-PO₄ bonds)	Pr competes effectively with Ca for XoxF	EDTA: stability Ho > Dy > Tb > Sm > Nd > Pr > La	Pr³⁺ stable; Pr⁴⁺ oxidizing but only in solid	Pr SUPPORTS XoxF-MDH activity; M. fumariolicum grows La/Ce/Pr/Nd	Pr SUPPORTS lanthanide-dependent growth	TonB-dependent; ABC; lanthanophore involved	Pr TRIGGERS lanthanide switch at 2 μM	LREE antimicrobial vs Gram+ S. aureus; not Gram-	XoxF found across diverse environments		Tetrahymena thermophila, V. fischeri, Vibrio fischeri	Tetrahymena thermophila, V. fischeri, Vibrio fischeri	Tetrahymena thermophila, V. fischeri, Vibrio fischeri	M. extorquens, Methylobacterium extorquens, Methylobacterium extorquens AM1
